-- major 더미데이터
INSERT INTO MAJORS (major_id, major_name) VALUES ('ESC', '지구과학과');
INSERT INTO MAJORS (major_id, major_name) VALUES ('MSE', '신소재공학과');
INSERT INTO MAJORS (major_id, major_name) VALUES ('MAT', '수학과');
INSERT INTO MAJORS (major_id, major_name) VALUES ('ICE', '정보통신공학과');
INSERT INTO MAJORS (major_id, major_name) VALUES ('ERE', '에너지자원공학과');
INSERT INTO MAJORS (major_id, major_name) VALUES ('ENV', '환경공학과');
INSERT INTO MAJORS (major_id, major_name) VALUES ('AER', '항공우주공학과');
INSERT INTO MAJORS (major_id, major_name) VALUES ('BIO', '바이오공학과');
INSERT INTO MAJORS (major_id, major_name) VALUES ('EEE', '전자공학과');
INSERT INTO MAJORS (major_id, major_name) VALUES ('CSE', '컴퓨터공학과');
INSERT INTO MAJORS (major_id, major_name) VALUES ('IEE', '산업공학과');
INSERT INTO MAJORS (major_id, major_name) VALUES ('PHY', '물리학과');
INSERT INTO MAJORS (major_id, major_name) VALUES ('NAE', '조선해양공학과');
INSERT INTO MAJORS (major_id, major_name) VALUES ('CIV', '토목공학과');
INSERT INTO MAJORS (major_id, major_name) VALUES ('BME', '의공학과');
INSERT INTO MAJORS (major_id, major_name) VALUES ('MEC', '기계공학과');
INSERT INTO MAJORS (major_id, major_name) VALUES ('ARC', '건축학과');
INSERT INTO MAJORS (major_id, major_name) VALUES ('LIF', '생명과학과');
INSERT INTO MAJORS (major_id, major_name) VALUES ('MET', '재료공학과');
SELECT * FROM majors;

-- lecture 더미데이터
INSERT INTO LECTURE VALUES (SEQ_SERIAL_NUM.NEXTVAL, '자료구조', '20251037', TO_DATE('2025-03-01','YYYY-MM-DD'), TO_DATE('2025-06-30','YYYY-MM-DD'), 'CSE101', 'CSE');
INSERT INTO LECTURE VALUES (SEQ_SERIAL_NUM.NEXTVAL, '전자회로', '20251044', TO_DATE('2025-03-02','YYYY-MM-DD'), TO_DATE('2025-06-25','YYYY-MM-DD'), 'EEE201', 'EEE');
INSERT INTO LECTURE VALUES (SEQ_SERIAL_NUM.NEXTVAL, '선형대수학', '20251049', TO_DATE('2025-03-03','YYYY-MM-DD'), TO_DATE('2025-06-20','YYYY-MM-DD'), 'MAT105', 'MAT');
INSERT INTO LECTURE VALUES (SEQ_SERIAL_NUM.NEXTVAL, '유체역학', '20251055', TO_DATE('2025-03-04','YYYY-MM-DD'), TO_DATE('2025-06-18','YYYY-MM-DD'), 'MEC220', 'MEC');
INSERT INTO LECTURE VALUES (SEQ_SERIAL_NUM.NEXTVAL, '신호 및 시스템', '20251059', TO_DATE('2025-03-01','YYYY-MM-DD'), TO_DATE('2025-06-27','YYYY-MM-DD'), 'ICE310', 'ICE');
INSERT INTO LECTURE VALUES (SEQ_SERIAL_NUM.NEXTVAL, '재료역학', '20251061', TO_DATE('2025-03-02','YYYY-MM-DD'), TO_DATE('2025-06-28','YYYY-MM-DD'), 'MSE330', 'MSE');
INSERT INTO LECTURE VALUES (SEQ_SERIAL_NUM.NEXTVAL, '디지털논리회로', '20251063', TO_DATE('2025-03-01','YYYY-MM-DD'), TO_DATE('2025-06-29','YYYY-MM-DD'), 'EEE102', 'EEE');
INSERT INTO LECTURE VALUES (SEQ_SERIAL_NUM.NEXTVAL, '환경과 인간', '20251066', TO_DATE('2025-03-03','YYYY-MM-DD'), TO_DATE('2025-06-22','YYYY-MM-DD'), 'ENV120', 'ENV');
INSERT INTO LECTURE VALUES (SEQ_SERIAL_NUM.NEXTVAL, '항공기 설계', '20251073', TO_DATE('2025-03-01','YYYY-MM-DD'), TO_DATE('2025-06-30','YYYY-MM-DD'), 'AER420', 'AER');
INSERT INTO LECTURE VALUES (SEQ_SERIAL_NUM.NEXTVAL, '공업수학', '20251088', TO_DATE('2025-03-02','YYYY-MM-DD'), TO_DATE('2025-06-26','YYYY-MM-DD'), 'MAT202', 'MAT');
INSERT INTO LECTURE VALUES (SEQ_SERIAL_NUM.NEXTVAL, '열역학', '20251093', TO_DATE('2025-03-01','YYYY-MM-DD'), TO_DATE('2025-06-30','YYYY-MM-DD'), 'MEC210', 'MEC');
INSERT INTO LECTURE VALUES (SEQ_SERIAL_NUM.NEXTVAL, '운영체제', '20251097', TO_DATE('2025-03-03','YYYY-MM-DD'), TO_DATE('2025-06-23','YYYY-MM-DD'), 'CSE303', 'CSE');
INSERT INTO LECTURE VALUES (SEQ_SERIAL_NUM.NEXTVAL, '회로이론', '20251016', TO_DATE('2025-03-01','YYYY-MM-DD'), TO_DATE('2025-06-20','YYYY-MM-DD'), 'EEE202', 'EEE');
INSERT INTO LECTURE VALUES (SEQ_SERIAL_NUM.NEXTVAL, '자원공학개론', '20251020', TO_DATE('2025-03-04','YYYY-MM-DD'), TO_DATE('2025-06-21','YYYY-MM-DD'), 'ERE110', 'ERE');
INSERT INTO LECTURE VALUES (SEQ_SERIAL_NUM.NEXTVAL, '건축설계 I', '20251024', TO_DATE('2025-03-02','YYYY-MM-DD'), TO_DATE('2025-06-28','YYYY-MM-DD'), 'ARC101', 'ARC');
INSERT INTO LECTURE VALUES (SEQ_SERIAL_NUM.NEXTVAL, '나노소재개론', '20251030', TO_DATE('2025-03-01','YYYY-MM-DD'), TO_DATE('2025-06-25','YYYY-MM-DD'), 'MSE410', 'MSE');
INSERT INTO LECTURE VALUES (SEQ_SERIAL_NUM.NEXTVAL, '통신이론', '20251034', TO_DATE('2025-03-01','YYYY-MM-DD'), TO_DATE('2025-06-30','YYYY-MM-DD'), 'ICE201', 'ICE');
INSERT INTO LECTURE VALUES (SEQ_SERIAL_NUM.NEXTVAL, '해양공학개론', '20251037', TO_DATE('2025-03-01','YYYY-MM-DD'), TO_DATE('2025-06-29','YYYY-MM-DD'), 'NAE101', 'NAE');
INSERT INTO LECTURE VALUES (SEQ_SERIAL_NUM.NEXTVAL, '환경시스템공학', '20251044', TO_DATE('2025-03-01','YYYY-MM-DD'), TO_DATE('2025-06-27','YYYY-MM-DD'), 'ENV301', 'ENV');
INSERT INTO LECTURE VALUES (SEQ_SERIAL_NUM.NEXTVAL, '고급바이오공학', '20251049', TO_DATE('2025-03-03','YYYY-MM-DD'), TO_DATE('2025-06-22','YYYY-MM-DD'), 'BIO420', 'BIO');
INSERT INTO LECTURE VALUES (SEQ_SERIAL_NUM.NEXTVAL, '데이터베이스', '20251055', TO_DATE('2025-03-01','YYYY-MM-DD'), TO_DATE('2025-06-30','YYYY-MM-DD'), 'CSE204', 'CSE');
INSERT INTO LECTURE VALUES (SEQ_SERIAL_NUM.NEXTVAL, '의공학개론', '20251059', TO_DATE('2025-03-02','YYYY-MM-DD'), TO_DATE('2025-06-29','YYYY-MM-DD'), 'BME101', 'BME');
INSERT INTO LECTURE VALUES (SEQ_SERIAL_NUM.NEXTVAL, '공정설계', '20251061', TO_DATE('2025-03-03','YYYY-MM-DD'), TO_DATE('2025-06-25','YYYY-MM-DD'), 'IEE320', 'IEE');
INSERT INTO LECTURE VALUES (SEQ_SERIAL_NUM.NEXTVAL, '생명과학개론', '20251063', TO_DATE('2025-03-01','YYYY-MM-DD'), TO_DATE('2025-06-24','YYYY-MM-DD'), 'LIF110', 'LIF');
INSERT INTO LECTURE VALUES (SEQ_SERIAL_NUM.NEXTVAL, '양자역학', '20251066', TO_DATE('2025-03-02','YYYY-MM-DD'), TO_DATE('2025-06-26','YYYY-MM-DD'), 'PHY301', 'PHY');
INSERT INTO LECTURE VALUES (SEQ_SERIAL_NUM.NEXTVAL, '지구물리학', '20251073', TO_DATE('2025-03-03','YYYY-MM-DD'), TO_DATE('2025-06-23','YYYY-MM-DD'), 'ESC210', 'ESC');
INSERT INTO LECTURE VALUES (SEQ_SERIAL_NUM.NEXTVAL, '건설재료학', '20251088', TO_DATE('2025-03-01','YYYY-MM-DD'), TO_DATE('2025-06-30','YYYY-MM-DD'), 'CIV201', 'CIV');
INSERT INTO LECTURE VALUES (SEQ_SERIAL_NUM.NEXTVAL, '시스템해석', '20251093', TO_DATE('2025-03-04','YYYY-MM-DD'), TO_DATE('2025-06-28','YYYY-MM-DD'), 'IEE250', 'IEE');
INSERT INTO LECTURE VALUES (SEQ_SERIAL_NUM.NEXTVAL, '항공전자공학', '20251097', TO_DATE('2025-03-01','YYYY-MM-DD'), TO_DATE('2025-06-30','YYYY-MM-DD'), 'AER302', 'AER');
INSERT INTO LECTURE VALUES (SEQ_SERIAL_NUM.NEXTVAL, '고급조선공학', '20251016', TO_DATE('2025-03-01','YYYY-MM-DD'), TO_DATE('2025-06-27','YYYY-MM-DD'), 'NAE401', 'NAE');
INSERT INTO LECTURE VALUES (SEQ_SERIAL_NUM.NEXTVAL, '에너지공학개론', '20251020', TO_DATE('2025-03-01','YYYY-MM-DD'), TO_DATE('2025-06-26','YYYY-MM-DD'), 'ERE200', 'ERE');
SELECT * FROM lecture;
-- user_info 더미데이터
INSERT INTO USER_INFO (USER_ID, USER_PW, USER_NAME, USER_GENDER, USER_EMAIL, USER_PHONENUM, USER_ADDR,
    USER_BIRTHDATE, JOINDATE, AUTHORITY, MAJOR_ID, ENABLE)
    VALUES ('20251001', '$2a$10$X97idlYV4ytQjUbKfB.n9Obv3mMnLSuOTaUwcwLAb/LVEAw3kK6fu', '김은서', 'M', 'user1@test.com', '010-1904-1620', '경상북도 구리시 석촌호수길', '1997-07-16', '2022-11-10', 'ROLE_ADMIN',
    '지구과학과', '1');

INSERT INTO USER_INFO (USER_ID, USER_PW, USER_NAME, USER_GENDER, USER_EMAIL, USER_PHONENUM, USER_ADDR,
    USER_BIRTHDATE, JOINDATE, AUTHORITY, MAJOR_ID, ENABLE)
    VALUES ('20251002', '$2a$10$X97idlYV4ytQjUbKfB.n9Obv3mMnLSuOTaUwcwLAb/LVEAw3kK6fu', '양동현', 'F', 'user2@test.com', '010-1678-3918', '대전광역시 도봉구 선릉4로 (영철김마을)', '1999-06-08', '2025-01-19', 'ROLE_USER',
    '신소재공학과', '0');

INSERT INTO USER_INFO (USER_ID, USER_PW, USER_NAME, USER_GENDER, USER_EMAIL, USER_PHONENUM, USER_ADDR,
    USER_BIRTHDATE, JOINDATE, AUTHORITY, MAJOR_ID, ENABLE)
    VALUES ('20251003', '$2a$10$X97idlYV4ytQjUbKfB.n9Obv3mMnLSuOTaUwcwLAb/LVEAw3kK6fu', '심재호', 'F', 'user3@test.com', '010-1011-9939', '경상남도 금산군 백제고분길 (은경양마을)', '2000-01-15', '2024-04-21', 'ROLE_USER',
    '수학과', '1');

INSERT INTO USER_INFO (USER_ID, USER_PW, USER_NAME, USER_GENDER, USER_EMAIL, USER_PHONENUM, USER_ADDR,
    USER_BIRTHDATE, JOINDATE, AUTHORITY, MAJOR_ID, ENABLE)
    VALUES ('20251004', '$2a$10$X97idlYV4ytQjUbKfB.n9Obv3mMnLSuOTaUwcwLAb/LVEAw3kK6fu', '이영숙', 'M', 'user4@test.com', '010-9782-9081', '부산광역시 서대문구 반포대4거리 (지원김오면)', '1999-02-04', '2023-12-19', 'ROLE_USER',
    '정보통신공학과', '1');

INSERT INTO USER_INFO (USER_ID, USER_PW, USER_NAME, USER_GENDER, USER_EMAIL, USER_PHONENUM, USER_ADDR,
    USER_BIRTHDATE, JOINDATE, AUTHORITY, MAJOR_ID, ENABLE)
    VALUES ('20251005', '$2a$10$X97idlYV4ytQjUbKfB.n9Obv3mMnLSuOTaUwcwLAb/LVEAw3kK6fu', '김옥순', 'M', 'user5@test.com', '010-9048-7399', '경상남도 고성군 테헤란3로 (성민조김리)', '2002-09-11', '2024-09-03', 'ROLE_USER',
    '에너지자원공학과', '1');

INSERT INTO USER_INFO (USER_ID, USER_PW, USER_NAME, USER_GENDER, USER_EMAIL, USER_PHONENUM, USER_ADDR,
    USER_BIRTHDATE, JOINDATE, AUTHORITY, MAJOR_ID, ENABLE)
    VALUES ('20251006', '$2a$10$X97idlYV4ytQjUbKfB.n9Obv3mMnLSuOTaUwcwLAb/LVEAw3kK6fu', '이정훈', 'M', 'user6@test.com', '010-6603-7585', '세종특별자치시 광진구 역삼로', '2001-09-01', '2025-02-02', 'ROLE_USER',
    '환경공학과', '1');

INSERT INTO USER_INFO (USER_ID, USER_PW, USER_NAME, USER_GENDER, USER_EMAIL, USER_PHONENUM, USER_ADDR,
    USER_BIRTHDATE, JOINDATE, AUTHORITY, MAJOR_ID, ENABLE)
    VALUES ('20251007', '$2a$10$X97idlYV4ytQjUbKfB.n9Obv3mMnLSuOTaUwcwLAb/LVEAw3kK6fu', '최현준', 'F', 'user7@test.com', '010-6491-4615', '서울특별시 중랑구 삼성로', '2006-08-21', '2023-02-04', 'ROLE_USER',
    '수학과', '1');

INSERT INTO USER_INFO (USER_ID, USER_PW, USER_NAME, USER_GENDER, USER_EMAIL, USER_PHONENUM, USER_ADDR,
    USER_BIRTHDATE, JOINDATE, AUTHORITY, MAJOR_ID, ENABLE)
    VALUES ('20251008', '$2a$10$X97idlYV4ytQjUbKfB.n9Obv3mMnLSuOTaUwcwLAb/LVEAw3kK6fu', '박은서', 'F', 'user8@test.com', '010-3162-9541', '경기도 광명시 개포로', '2002-01-28', '2023-04-07', 'ROLE_USER',
    '항공우주공학과', '1');

INSERT INTO USER_INFO (USER_ID, USER_PW, USER_NAME, USER_GENDER, USER_EMAIL, USER_PHONENUM, USER_ADDR,
    USER_BIRTHDATE, JOINDATE, AUTHORITY, MAJOR_ID, ENABLE)
    VALUES ('20251009', '$2a$10$X97idlYV4ytQjUbKfB.n9Obv3mMnLSuOTaUwcwLAb/LVEAw3kK6fu', '오정희', 'M', 'user9@test.com', '010-9236-9691', '대전광역시 강동구 가락395가', '1998-11-29', '2023-09-20', 'ROLE_USER',
    '바이오공학과', '1');

INSERT INTO USER_INFO (USER_ID, USER_PW, USER_NAME, USER_GENDER, USER_EMAIL, USER_PHONENUM, USER_ADDR,
    USER_BIRTHDATE, JOINDATE, AUTHORITY, MAJOR_ID, ENABLE)
    VALUES ('20251010', '$2a$10$X97idlYV4ytQjUbKfB.n9Obv3mMnLSuOTaUwcwLAb/LVEAw3kK6fu', '권성민', 'M', 'user10@test.com', '010-1113-9300', '울산광역시 서구 서초대305로', '2003-11-27', '2023-01-15', 'ROLE_ADMIN',
    '바이오공학과', '1');

INSERT INTO USER_INFO (USER_ID, USER_PW, USER_NAME, USER_GENDER, USER_EMAIL, USER_PHONENUM, USER_ADDR,
    USER_BIRTHDATE, JOINDATE, AUTHORITY, MAJOR_ID, ENABLE)
    VALUES ('20251011', '$2a$10$X97idlYV4ytQjUbKfB.n9Obv3mMnLSuOTaUwcwLAb/LVEAw3kK6fu', '김성호', 'F', 'user11@test.com', '010-1123-2396', '부산광역시 노원구 잠실69로', '2005-02-25', '2023-12-18', 'ROLE_USER',
    '전자공학과', '1');

INSERT INTO USER_INFO (USER_ID, USER_PW, USER_NAME, USER_GENDER, USER_EMAIL, USER_PHONENUM, USER_ADDR,
    USER_BIRTHDATE, JOINDATE, AUTHORITY, MAJOR_ID, ENABLE)
    VALUES ('20251012', '$2a$10$X97idlYV4ytQjUbKfB.n9Obv3mMnLSuOTaUwcwLAb/LVEAw3kK6fu', '허은서', 'F', 'user12@test.com', '010-2523-1404', '울산광역시 동작구 서초중앙로 (민석한박면)', '2002-05-04', '2022-12-20', 'ROLE_USER',
    '전자공학과', '0');

INSERT INTO USER_INFO (USER_ID, USER_PW, USER_NAME, USER_GENDER, USER_EMAIL, USER_PHONENUM, USER_ADDR,
    USER_BIRTHDATE, JOINDATE, AUTHORITY, MAJOR_ID, ENABLE)
    VALUES ('20251013', '$2a$10$X97idlYV4ytQjUbKfB.n9Obv3mMnLSuOTaUwcwLAb/LVEAw3kK6fu', '이광수', 'F', 'user13@test.com', '010-6904-5914', '서울특별시 강북구 영동대로', '1997-05-30', '2025-03-03', 'ROLE_USER',
    '에너지자원공학과', '0');

INSERT INTO USER_INFO (USER_ID, USER_PW, USER_NAME, USER_GENDER, USER_EMAIL, USER_PHONENUM, USER_ADDR,
    USER_BIRTHDATE, JOINDATE, AUTHORITY, MAJOR_ID, ENABLE)
    VALUES ('20251014', '$2a$10$X97idlYV4ytQjUbKfB.n9Obv3mMnLSuOTaUwcwLAb/LVEAw3kK6fu', '이미영', 'M', 'user14@test.com', '010-1960-8645', '충청북도 성남시 수정구 잠실8가 (예지최면)', '2004-08-17', '2024-02-06', 'ROLE_USER',
    '컴퓨터공학과', '1');

INSERT INTO USER_INFO (USER_ID, USER_PW, USER_NAME, USER_GENDER, USER_EMAIL, USER_PHONENUM, USER_ADDR,
    USER_BIRTHDATE, JOINDATE, AUTHORITY, MAJOR_ID, ENABLE)
    VALUES ('20251015', '$2a$10$X97idlYV4ytQjUbKfB.n9Obv3mMnLSuOTaUwcwLAb/LVEAw3kK6fu', '이민석', 'M', 'user15@test.com', '010-8752-9602', '부산광역시 마포구 잠실거리', '1997-06-20', '2024-01-06', 'ROLE_USER',
    '에너지자원공학과', '1');

INSERT INTO USER_INFO (USER_ID, USER_PW, USER_NAME, USER_GENDER, USER_EMAIL, USER_PHONENUM, USER_ADDR,
    USER_BIRTHDATE, JOINDATE, AUTHORITY, MAJOR_ID, ENABLE)
    VALUES ('20251016', '$2a$10$X97idlYV4ytQjUbKfB.n9Obv3mMnLSuOTaUwcwLAb/LVEAw3kK6fu', '김하은', 'F', 'user16@test.com', '010-6036-3515', '인천광역시 서초구 오금540가', '1998-05-15', '2024-04-17', 'ROLE_PROF',
    '지구과학과', '0');

INSERT INTO USER_INFO (USER_ID, USER_PW, USER_NAME, USER_GENDER, USER_EMAIL, USER_PHONENUM, USER_ADDR,
    USER_BIRTHDATE, JOINDATE, AUTHORITY, MAJOR_ID, ENABLE)
    VALUES ('20251017', '$2a$10$X97idlYV4ytQjUbKfB.n9Obv3mMnLSuOTaUwcwLAb/LVEAw3kK6fu', '이명숙', 'F', 'user17@test.com', '010-9457-8986', '제주특별자치도 진천군 양재천길 (미정이동)', '1995-09-04', '2024-03-07', 'ROLE_USER',
    '환경공학과', '1');

INSERT INTO USER_INFO (USER_ID, USER_PW, USER_NAME, USER_GENDER, USER_EMAIL, USER_PHONENUM, USER_ADDR,
    USER_BIRTHDATE, JOINDATE, AUTHORITY, MAJOR_ID, ENABLE)
    VALUES ('20251018', '$2a$10$X97idlYV4ytQjUbKfB.n9Obv3mMnLSuOTaUwcwLAb/LVEAw3kK6fu', '박경숙', 'F', 'user18@test.com', '010-6439-4654', '제주특별자치도 평택시 도산대가', '1994-12-23', '2023-09-23', 'ROLE_USER',
    '신소재공학과', '0');

INSERT INTO USER_INFO (USER_ID, USER_PW, USER_NAME, USER_GENDER, USER_EMAIL, USER_PHONENUM, USER_ADDR,
    USER_BIRTHDATE, JOINDATE, AUTHORITY, MAJOR_ID, ENABLE)
    VALUES ('20251019', '$2a$10$X97idlYV4ytQjUbKfB.n9Obv3mMnLSuOTaUwcwLAb/LVEAw3kK6fu', '김예은', 'M', 'user19@test.com', '010-1255-4391', '강원도 삼척시 개포09길', '1999-12-11', '2023-09-29', 'ROLE_USER',
    '산업공학과', '1');

INSERT INTO USER_INFO (USER_ID, USER_PW, USER_NAME, USER_GENDER, USER_EMAIL, USER_PHONENUM, USER_ADDR,
    USER_BIRTHDATE, JOINDATE, AUTHORITY, MAJOR_ID, ENABLE)
    VALUES ('20251020', '$2a$10$X97idlYV4ytQjUbKfB.n9Obv3mMnLSuOTaUwcwLAb/LVEAw3kK6fu', '이지현', 'M', 'user20@test.com', '010-2059-1516', '경상남도 군포시 오금길', '2003-10-22', '2022-07-30', 'ROLE_PROF',
    '산업공학과', '0');

INSERT INTO USER_INFO (USER_ID, USER_PW, USER_NAME, USER_GENDER, USER_EMAIL, USER_PHONENUM, USER_ADDR,
    USER_BIRTHDATE, JOINDATE, AUTHORITY, MAJOR_ID, ENABLE)
    VALUES ('20251021', '$2a$10$X97idlYV4ytQjUbKfB.n9Obv3mMnLSuOTaUwcwLAb/LVEAw3kK6fu', '하채원', 'M', 'user21@test.com', '010-4817-1559', '경상남도 부천시 원미구 압구정거리 (민지박이읍)', '1998-03-24', '2023-11-17', 'ROLE_USER',
    '물리학과', '1');

INSERT INTO USER_INFO (USER_ID, USER_PW, USER_NAME, USER_GENDER, USER_EMAIL, USER_PHONENUM, USER_ADDR,
    USER_BIRTHDATE, JOINDATE, AUTHORITY, MAJOR_ID, ENABLE)
    VALUES ('20251022', '$2a$10$X97idlYV4ytQjUbKfB.n9Obv3mMnLSuOTaUwcwLAb/LVEAw3kK6fu', '이보람', 'M', 'user22@test.com', '010-1699-6775', '충청남도 포천시 삼성로 (경희김면)', '2001-10-13', '2023-02-14', 'ROLE_USER',
    '신소재공학과', '0');

INSERT INTO USER_INFO (USER_ID, USER_PW, USER_NAME, USER_GENDER, USER_EMAIL, USER_PHONENUM, USER_ADDR,
    USER_BIRTHDATE, JOINDATE, AUTHORITY, MAJOR_ID, ENABLE)
    VALUES ('20251023', '$2a$10$X97idlYV4ytQjUbKfB.n9Obv3mMnLSuOTaUwcwLAb/LVEAw3kK6fu', '이지후', 'M', 'user23@test.com', '010-2251-8498', '전라남도 고양시 일산서구 도산대152가', '2004-10-08', '2024-08-10', 'ROLE_USER',
    '조선해양공학과', '0');

INSERT INTO USER_INFO (USER_ID, USER_PW, USER_NAME, USER_GENDER, USER_EMAIL, USER_PHONENUM, USER_ADDR,
    USER_BIRTHDATE, JOINDATE, AUTHORITY, MAJOR_ID, ENABLE)
    VALUES ('20251024', '$2a$10$X97idlYV4ytQjUbKfB.n9Obv3mMnLSuOTaUwcwLAb/LVEAw3kK6fu', '이현정', 'M', 'user24@test.com', '010-8005-5707', '인천광역시 용산구 강남대거리 (상현김읍)', '1995-10-07', '2024-01-28', 'ROLE_PROF',
    '신소재공학과', '1');

INSERT INTO USER_INFO (USER_ID, USER_PW, USER_NAME, USER_GENDER, USER_EMAIL, USER_PHONENUM, USER_ADDR,
    USER_BIRTHDATE, JOINDATE, AUTHORITY, MAJOR_ID, ENABLE)
    VALUES ('20251025', '$2a$10$X97idlYV4ytQjUbKfB.n9Obv3mMnLSuOTaUwcwLAb/LVEAw3kK6fu', '김현주', 'M', 'user25@test.com', '010-9213-4068', '세종특별자치시 서구 강남대가', '2005-09-25', '2025-01-03', 'ROLE_USER',
    '에너지자원공학과', '1');

INSERT INTO USER_INFO (USER_ID, USER_PW, USER_NAME, USER_GENDER, USER_EMAIL, USER_PHONENUM, USER_ADDR,
    USER_BIRTHDATE, JOINDATE, AUTHORITY, MAJOR_ID, ENABLE)
    VALUES ('20251026', '$2a$10$X97idlYV4ytQjUbKfB.n9Obv3mMnLSuOTaUwcwLAb/LVEAw3kK6fu', '박정숙', 'F', 'user26@test.com', '010-6870-2090', '전라남도 용인시 서초중앙가 (유진박리)', '2001-05-10', '2025-03-29', 'ROLE_USER',
    '정보통신공학과', '1');

INSERT INTO USER_INFO (USER_ID, USER_PW, USER_NAME, USER_GENDER, USER_EMAIL, USER_PHONENUM, USER_ADDR,
    USER_BIRTHDATE, JOINDATE, AUTHORITY, MAJOR_ID, ENABLE)
    VALUES ('20251027', '$2a$10$X97idlYV4ytQjUbKfB.n9Obv3mMnLSuOTaUwcwLAb/LVEAw3kK6fu', '김성진', 'M', 'user27@test.com', '010-7036-4557', '인천광역시 중랑구 봉은사488길', '1997-10-15', '2024-03-17', 'ROLE_ADMIN',
    '정보통신공학과', '1');

INSERT INTO USER_INFO (USER_ID, USER_PW, USER_NAME, USER_GENDER, USER_EMAIL, USER_PHONENUM, USER_ADDR,
    USER_BIRTHDATE, JOINDATE, AUTHORITY, MAJOR_ID, ENABLE)
    VALUES ('20251028', '$2a$10$X97idlYV4ytQjUbKfB.n9Obv3mMnLSuOTaUwcwLAb/LVEAw3kK6fu', '강현지', 'F', 'user28@test.com', '010-8400-6394', '충청북도 아산시 선릉7가 (영호주이읍)', '1996-02-29', '2024-11-09', 'ROLE_USER',
    '전자공학과', '1');

INSERT INTO USER_INFO (USER_ID, USER_PW, USER_NAME, USER_GENDER, USER_EMAIL, USER_PHONENUM, USER_ADDR,
    USER_BIRTHDATE, JOINDATE, AUTHORITY, MAJOR_ID, ENABLE)
    VALUES ('20251029', '$2a$10$X97idlYV4ytQjUbKfB.n9Obv3mMnLSuOTaUwcwLAb/LVEAw3kK6fu', '이민수', 'M', 'user29@test.com', '010-1375-1986', '울산광역시 서초구 서초대가 (영식김읍)', '1997-06-07', '2024-01-25', 'ROLE_USER',
    '물리학과', '0');

INSERT INTO USER_INFO (USER_ID, USER_PW, USER_NAME, USER_GENDER, USER_EMAIL, USER_PHONENUM, USER_ADDR,
    USER_BIRTHDATE, JOINDATE, AUTHORITY, MAJOR_ID, ENABLE)
    VALUES ('20251030', '$2a$10$X97idlYV4ytQjUbKfB.n9Obv3mMnLSuOTaUwcwLAb/LVEAw3kK6fu', '이주원', 'M', 'user30@test.com', '010-8544-2875', '제주특별자치도 단양군 역삼가', '1995-03-01', '2023-06-02', 'ROLE_PROF',
    '물리학과', '0');

INSERT INTO USER_INFO (USER_ID, USER_PW, USER_NAME, USER_GENDER, USER_EMAIL, USER_PHONENUM, USER_ADDR,
    USER_BIRTHDATE, JOINDATE, AUTHORITY, MAJOR_ID, ENABLE)
    VALUES ('20251031', '$2a$10$X97idlYV4ytQjUbKfB.n9Obv3mMnLSuOTaUwcwLAb/LVEAw3kK6fu', '김지원', 'M', 'user31@test.com', '010-9165-2972', '인천광역시 강동구 백제고분03가', '1999-05-06', '2023-09-07', 'ROLE_USER',
    '토목공학과', '1');

INSERT INTO USER_INFO (USER_ID, USER_PW, USER_NAME, USER_GENDER, USER_EMAIL, USER_PHONENUM, USER_ADDR,
    USER_BIRTHDATE, JOINDATE, AUTHORITY, MAJOR_ID, ENABLE)
    VALUES ('20251032', '$2a$10$X97idlYV4ytQjUbKfB.n9Obv3mMnLSuOTaUwcwLAb/LVEAw3kK6fu', '주예은', 'F', 'user32@test.com', '010-4391-4196', '제주특별자치도 광주시 삼성길', '2005-12-15', '2023-12-03', 'ROLE_USER',
    '의공학과', '1');

INSERT INTO USER_INFO (USER_ID, USER_PW, USER_NAME, USER_GENDER, USER_EMAIL, USER_PHONENUM, USER_ADDR,
    USER_BIRTHDATE, JOINDATE, AUTHORITY, MAJOR_ID, ENABLE)
    VALUES ('20251033', '$2a$10$X97idlYV4ytQjUbKfB.n9Obv3mMnLSuOTaUwcwLAb/LVEAw3kK6fu', '노서영', 'M', 'user33@test.com', '010-8192-4640', '강원도 성남시 언주720길', '2003-10-28', '2022-09-15', 'ROLE_USER',
    '에너지자원공학과', '1');

INSERT INTO USER_INFO (USER_ID, USER_PW, USER_NAME, USER_GENDER, USER_EMAIL, USER_PHONENUM, USER_ADDR,
    USER_BIRTHDATE, JOINDATE, AUTHORITY, MAJOR_ID, ENABLE)
    VALUES ('20251034', '$2a$10$X97idlYV4ytQjUbKfB.n9Obv3mMnLSuOTaUwcwLAb/LVEAw3kK6fu', '이지영', 'F', 'user34@test.com', '010-5719-1463', '충청북도 영동군 가락가 (선영김마을)', '1998-12-14', '2022-08-06', 'ROLE_PROF',
    '신소재공학과', '1');

INSERT INTO USER_INFO (USER_ID, USER_PW, USER_NAME, USER_GENDER, USER_EMAIL, USER_PHONENUM, USER_ADDR,
    USER_BIRTHDATE, JOINDATE, AUTHORITY, MAJOR_ID, ENABLE)
    VALUES ('20251035', '$2a$10$X97idlYV4ytQjUbKfB.n9Obv3mMnLSuOTaUwcwLAb/LVEAw3kK6fu', '하진호', 'F', 'user35@test.com', '010-8697-7578', '제주특별자치도 속초시 테헤란가 (서연박리)', '2001-10-31', '2023-05-04', 'ROLE_USER',
    '컴퓨터공학과', '0');

INSERT INTO USER_INFO (USER_ID, USER_PW, USER_NAME, USER_GENDER, USER_EMAIL, USER_PHONENUM, USER_ADDR,
    USER_BIRTHDATE, JOINDATE, AUTHORITY, MAJOR_ID, ENABLE)
    VALUES ('20251036', '$2a$10$X97idlYV4ytQjUbKfB.n9Obv3mMnLSuOTaUwcwLAb/LVEAw3kK6fu', '정지혜', 'M', 'user36@test.com', '010-7366-7854', '인천광역시 구로구 오금7길 (정순성장면)', '2002-02-13', '2024-11-05', 'ROLE_USER',
    '수학과', '0');

INSERT INTO USER_INFO (USER_ID, USER_PW, USER_NAME, USER_GENDER, USER_EMAIL, USER_PHONENUM, USER_ADDR,
    USER_BIRTHDATE, JOINDATE, AUTHORITY, MAJOR_ID, ENABLE)
    VALUES ('20251037', '$2a$10$X97idlYV4ytQjUbKfB.n9Obv3mMnLSuOTaUwcwLAb/LVEAw3kK6fu', '김채원', 'M', 'user37@test.com', '010-4153-8411', '경상남도 보령시 강남대로', '1994-12-01', '2024-01-03', 'ROLE_PROF',
    '산업공학과', '0');

INSERT INTO USER_INFO (USER_ID, USER_PW, USER_NAME, USER_GENDER, USER_EMAIL, USER_PHONENUM, USER_ADDR,
    USER_BIRTHDATE, JOINDATE, AUTHORITY, MAJOR_ID, ENABLE)
    VALUES ('20251038', '$2a$10$X97idlYV4ytQjUbKfB.n9Obv3mMnLSuOTaUwcwLAb/LVEAw3kK6fu', '고성현', 'F', 'user38@test.com', '010-5318-5835', '울산광역시 서구 논현길', '1999-06-06', '2024-10-13', 'ROLE_USER',
    '컴퓨터공학과', '1');

INSERT INTO USER_INFO (USER_ID, USER_PW, USER_NAME, USER_GENDER, USER_EMAIL, USER_PHONENUM, USER_ADDR,
    USER_BIRTHDATE, JOINDATE, AUTHORITY, MAJOR_ID, ENABLE)
    VALUES ('20251039', '$2a$10$X97idlYV4ytQjUbKfB.n9Obv3mMnLSuOTaUwcwLAb/LVEAw3kK6fu', '이광수', 'M', 'user39@test.com', '010-7120-9456', '경상남도 논산시 반포대8거리', '1995-03-07', '2023-07-13', 'ROLE_USER',
    '기계공학과', '1');

INSERT INTO USER_INFO (USER_ID, USER_PW, USER_NAME, USER_GENDER, USER_EMAIL, USER_PHONENUM, USER_ADDR,
    USER_BIRTHDATE, JOINDATE, AUTHORITY, MAJOR_ID, ENABLE)
    VALUES ('20251040', '$2a$10$X97idlYV4ytQjUbKfB.n9Obv3mMnLSuOTaUwcwLAb/LVEAw3kK6fu', '장준서', 'M', 'user40@test.com', '010-2331-1591', '세종특별자치시 관악구 학동길', '1997-06-06', '2023-01-09', 'ROLE_USER',
    '의공학과', '0');

INSERT INTO USER_INFO (USER_ID, USER_PW, USER_NAME, USER_GENDER, USER_EMAIL, USER_PHONENUM, USER_ADDR,
    USER_BIRTHDATE, JOINDATE, AUTHORITY, MAJOR_ID, ENABLE)
    VALUES ('20251041', '$2a$10$X97idlYV4ytQjUbKfB.n9Obv3mMnLSuOTaUwcwLAb/LVEAw3kK6fu', '신경자', 'F', 'user41@test.com', '010-6880-3345', '대전광역시 동구 석촌호수19로 (지현지동)', '1996-06-10', '2022-11-04', 'ROLE_USER',
    '에너지자원공학과', '0');

INSERT INTO USER_INFO (USER_ID, USER_PW, USER_NAME, USER_GENDER, USER_EMAIL, USER_PHONENUM, USER_ADDR,
    USER_BIRTHDATE, JOINDATE, AUTHORITY, MAJOR_ID, ENABLE)
    VALUES ('20251042', '$2a$10$X97idlYV4ytQjUbKfB.n9Obv3mMnLSuOTaUwcwLAb/LVEAw3kK6fu', '차정웅', 'M', 'user42@test.com', '010-9051-2702', '세종특별자치시 성동구 언주거리 (영자박박리)', '2004-05-03', '2024-09-15', 'ROLE_USER',
    '수학과', '1');

INSERT INTO USER_INFO (USER_ID, USER_PW, USER_NAME, USER_GENDER, USER_EMAIL, USER_PHONENUM, USER_ADDR,
    USER_BIRTHDATE, JOINDATE, AUTHORITY, MAJOR_ID, ENABLE)
    VALUES ('20251043', '$2a$10$X97idlYV4ytQjUbKfB.n9Obv3mMnLSuOTaUwcwLAb/LVEAw3kK6fu', '윤지연', 'M', 'user43@test.com', '010-8620-4035', '광주광역시 서초구 영동대거리', '2000-07-02', '2025-05-26', 'ROLE_ADMIN',
    '환경공학과', '1');

INSERT INTO USER_INFO (USER_ID, USER_PW, USER_NAME, USER_GENDER, USER_EMAIL, USER_PHONENUM, USER_ADDR,
    USER_BIRTHDATE, JOINDATE, AUTHORITY, MAJOR_ID, ENABLE)
    VALUES ('20251044', '$2a$10$X97idlYV4ytQjUbKfB.n9Obv3mMnLSuOTaUwcwLAb/LVEAw3kK6fu', '김진우', 'M', 'user44@test.com', '010-6989-7052', '인천광역시 영등포구 반포대610로 (정순류리)', '1997-09-04', '2022-10-17', 'ROLE_PROF',
    '전자공학과', '1');

INSERT INTO USER_INFO (USER_ID, USER_PW, USER_NAME, USER_GENDER, USER_EMAIL, USER_PHONENUM, USER_ADDR,
    USER_BIRTHDATE, JOINDATE, AUTHORITY, MAJOR_ID, ENABLE)
    VALUES ('20251045', '$2a$10$X97idlYV4ytQjUbKfB.n9Obv3mMnLSuOTaUwcwLAb/LVEAw3kK6fu', '류옥자', 'F', 'user45@test.com', '010-6364-7984', '대구광역시 도봉구 영동대거리 (종수장읍)', '2005-05-19', '2022-12-13', 'ROLE_USER',
    '지구과학과', '0');

INSERT INTO USER_INFO (USER_ID, USER_PW, USER_NAME, USER_GENDER, USER_EMAIL, USER_PHONENUM, USER_ADDR,
    USER_BIRTHDATE, JOINDATE, AUTHORITY, MAJOR_ID, ENABLE)
    VALUES ('20251046', '$2a$10$X97idlYV4ytQjUbKfB.n9Obv3mMnLSuOTaUwcwLAb/LVEAw3kK6fu', '우영미', 'F', 'user46@test.com', '010-5992-9531', '인천광역시 서구 개포058거리', '1997-04-11', '2024-08-31', 'ROLE_USER',
    '신소재공학과', '0');

INSERT INTO USER_INFO (USER_ID, USER_PW, USER_NAME, USER_GENDER, USER_EMAIL, USER_PHONENUM, USER_ADDR,
    USER_BIRTHDATE, JOINDATE, AUTHORITY, MAJOR_ID, ENABLE)
    VALUES ('20251047', '$2a$10$X97idlYV4ytQjUbKfB.n9Obv3mMnLSuOTaUwcwLAb/LVEAw3kK6fu', '서영숙', 'M', 'user47@test.com', '010-9772-7790', '인천광역시 도봉구 백제고분길 (영수장김리)', '1997-07-07', '2025-05-06', 'ROLE_ADMIN',
    '지구과학과', '1');

INSERT INTO USER_INFO (USER_ID, USER_PW, USER_NAME, USER_GENDER, USER_EMAIL, USER_PHONENUM, USER_ADDR,
    USER_BIRTHDATE, JOINDATE, AUTHORITY, MAJOR_ID, ENABLE)
    VALUES ('20251048', '$2a$10$X97idlYV4ytQjUbKfB.n9Obv3mMnLSuOTaUwcwLAb/LVEAw3kK6fu', '안성민', 'F', 'user48@test.com', '010-9216-7755', '대전광역시 노원구 언주6가', '2003-06-21', '2023-03-29', 'ROLE_USER',
    '항공우주공학과', '1');

INSERT INTO USER_INFO (USER_ID, USER_PW, USER_NAME, USER_GENDER, USER_EMAIL, USER_PHONENUM, USER_ADDR,
    USER_BIRTHDATE, JOINDATE, AUTHORITY, MAJOR_ID, ENABLE)
    VALUES ('20251049', '$2a$10$X97idlYV4ytQjUbKfB.n9Obv3mMnLSuOTaUwcwLAb/LVEAw3kK6fu', '이현준', 'F', 'user49@test.com', '010-7877-6488', '경상북도 논산시 잠실8로 (상호이마을)', '2003-03-14', '2023-12-10', 'ROLE_PROF',
    '수학과', '1');

INSERT INTO USER_INFO (USER_ID, USER_PW, USER_NAME, USER_GENDER, USER_EMAIL, USER_PHONENUM, USER_ADDR,
    USER_BIRTHDATE, JOINDATE, AUTHORITY, MAJOR_ID, ENABLE)
    VALUES ('20251050', '$2a$10$X97idlYV4ytQjUbKfB.n9Obv3mMnLSuOTaUwcwLAb/LVEAw3kK6fu', '임예지', 'M', 'user50@test.com', '010-5070-8721', '광주광역시 강남구 영동대3가 (하윤박리)', '1995-08-14', '2025-03-20', 'ROLE_USER',
    '컴퓨터공학과', '0');

INSERT INTO USER_INFO (USER_ID, USER_PW, USER_NAME, USER_GENDER, USER_EMAIL, USER_PHONENUM, USER_ADDR,
    USER_BIRTHDATE, JOINDATE, AUTHORITY, MAJOR_ID, ENABLE)
    VALUES ('20251051', '$2a$10$X97idlYV4ytQjUbKfB.n9Obv3mMnLSuOTaUwcwLAb/LVEAw3kK6fu', '오영숙', 'F', 'user51@test.com', '010-7713-5579', '전라남도 보은군 서초중앙52길', '1997-02-17', '2022-09-11', 'ROLE_USER',
    '환경공학과', '0');

INSERT INTO USER_INFO (USER_ID, USER_PW, USER_NAME, USER_GENDER, USER_EMAIL, USER_PHONENUM, USER_ADDR,
    USER_BIRTHDATE, JOINDATE, AUTHORITY, MAJOR_ID, ENABLE)
    VALUES ('20251052', '$2a$10$X97idlYV4ytQjUbKfB.n9Obv3mMnLSuOTaUwcwLAb/LVEAw3kK6fu', '강종수', 'F', 'user52@test.com', '010-6859-5652', '인천광역시 서대문구 강남대가', '2002-07-19', '2023-03-15', 'ROLE_USER',
    '토목공학과', '0');

INSERT INTO USER_INFO (USER_ID, USER_PW, USER_NAME, USER_GENDER, USER_EMAIL, USER_PHONENUM, USER_ADDR,
    USER_BIRTHDATE, JOINDATE, AUTHORITY, MAJOR_ID, ENABLE)
    VALUES ('20251053', '$2a$10$X97idlYV4ytQjUbKfB.n9Obv3mMnLSuOTaUwcwLAb/LVEAw3kK6fu', '이도현', 'M', 'user53@test.com', '010-2368-4132', '대전광역시 용산구 서초중앙거리', '2005-07-12', '2023-12-16', 'ROLE_USER',
    '정보통신공학과', '0');

INSERT INTO USER_INFO (USER_ID, USER_PW, USER_NAME, USER_GENDER, USER_EMAIL, USER_PHONENUM, USER_ADDR,
    USER_BIRTHDATE, JOINDATE, AUTHORITY, MAJOR_ID, ENABLE)
    VALUES ('20251054', '$2a$10$X97idlYV4ytQjUbKfB.n9Obv3mMnLSuOTaUwcwLAb/LVEAw3kK6fu', '박혜진', 'F', 'user54@test.com', '010-8516-1981', '세종특별자치시 서초구 오금286가', '2002-09-10', '2025-02-19', 'ROLE_USER',
    '컴퓨터공학과', '0');

INSERT INTO USER_INFO (USER_ID, USER_PW, USER_NAME, USER_GENDER, USER_EMAIL, USER_PHONENUM, USER_ADDR,
    USER_BIRTHDATE, JOINDATE, AUTHORITY, MAJOR_ID, ENABLE)
    VALUES ('20251055', '$2a$10$X97idlYV4ytQjUbKfB.n9Obv3mMnLSuOTaUwcwLAb/LVEAw3kK6fu', '허지원', 'M', 'user55@test.com', '010-3690-7841', '광주광역시 동작구 학동길', '1999-07-16', '2023-05-28', 'ROLE_PROF',
    '건축학과', '1');

INSERT INTO USER_INFO (USER_ID, USER_PW, USER_NAME, USER_GENDER, USER_EMAIL, USER_PHONENUM, USER_ADDR,
    USER_BIRTHDATE, JOINDATE, AUTHORITY, MAJOR_ID, ENABLE)
    VALUES ('20251056', '$2a$10$X97idlYV4ytQjUbKfB.n9Obv3mMnLSuOTaUwcwLAb/LVEAw3kK6fu', '박경희', 'M', 'user56@test.com', '010-7735-6080', '세종특별자치시 중구 압구정길', '1995-02-11', '2024-08-01', 'ROLE_USER',
    '지구과학과', '0');

INSERT INTO USER_INFO (USER_ID, USER_PW, USER_NAME, USER_GENDER, USER_EMAIL, USER_PHONENUM, USER_ADDR,
    USER_BIRTHDATE, JOINDATE, AUTHORITY, MAJOR_ID, ENABLE)
    VALUES ('20251057', '$2a$10$X97idlYV4ytQjUbKfB.n9Obv3mMnLSuOTaUwcwLAb/LVEAw3kK6fu', '류옥자', 'M', 'user57@test.com', '010-2443-6838', '경상남도 청주시 상당구 가락거리 (상철권황읍)', '2004-06-18', '2024-04-19', 'ROLE_USER',
    '생명과학과', '1');

INSERT INTO USER_INFO (USER_ID, USER_PW, USER_NAME, USER_GENDER, USER_EMAIL, USER_PHONENUM, USER_ADDR,
    USER_BIRTHDATE, JOINDATE, AUTHORITY, MAJOR_ID, ENABLE)
    VALUES ('20251058', '$2a$10$X97idlYV4ytQjUbKfB.n9Obv3mMnLSuOTaUwcwLAb/LVEAw3kK6fu', '강상호', 'F', 'user58@test.com', '010-5666-4304', '부산광역시 양천구 강남대길', '2001-02-26', '2023-01-11', 'ROLE_USER',
    '컴퓨터공학과', '0');

INSERT INTO USER_INFO (USER_ID, USER_PW, USER_NAME, USER_GENDER, USER_EMAIL, USER_PHONENUM, USER_ADDR,
    USER_BIRTHDATE, JOINDATE, AUTHORITY, MAJOR_ID, ENABLE)
    VALUES ('20251059', '$2a$10$X97idlYV4ytQjUbKfB.n9Obv3mMnLSuOTaUwcwLAb/LVEAw3kK6fu', '김민준', 'F', 'user59@test.com', '010-4380-1500', '제주특별자치도 용인시 수지구 석촌호수가 (영숙백차마을)', '2000-07-13', '2024-02-13', 'ROLE_PROF',
    '산업공학과', '0');

INSERT INTO USER_INFO (USER_ID, USER_PW, USER_NAME, USER_GENDER, USER_EMAIL, USER_PHONENUM, USER_ADDR,
    USER_BIRTHDATE, JOINDATE, AUTHORITY, MAJOR_ID, ENABLE)
    VALUES ('20251060', '$2a$10$X97idlYV4ytQjUbKfB.n9Obv3mMnLSuOTaUwcwLAb/LVEAw3kK6fu', '김옥순', 'M', 'user60@test.com', '010-2452-1674', '서울특별시 은평구 도산대342길', '2002-03-20', '2024-11-03', 'ROLE_USER',
    '건축학과', '0');

INSERT INTO USER_INFO (USER_ID, USER_PW, USER_NAME, USER_GENDER, USER_EMAIL, USER_PHONENUM, USER_ADDR,
    USER_BIRTHDATE, JOINDATE, AUTHORITY, MAJOR_ID, ENABLE)
    VALUES ('20251061', '$2a$10$X97idlYV4ytQjUbKfB.n9Obv3mMnLSuOTaUwcwLAb/LVEAw3kK6fu', '박수진', 'F', 'user61@test.com', '010-6505-8471', '경상남도 고양시 덕양구 오금7길 (정자최동)', '1994-08-02', '2025-05-28', 'ROLE_PROF',
    '바이오공학과', '1');

INSERT INTO USER_INFO (USER_ID, USER_PW, USER_NAME, USER_GENDER, USER_EMAIL, USER_PHONENUM, USER_ADDR,
    USER_BIRTHDATE, JOINDATE, AUTHORITY, MAJOR_ID, ENABLE)
    VALUES ('20251062', '$2a$10$X97idlYV4ytQjUbKfB.n9Obv3mMnLSuOTaUwcwLAb/LVEAw3kK6fu', '박채원', 'M', 'user62@test.com', '010-6072-7014', '제주특별자치도 의왕시 역삼로', '2003-01-01', '2023-05-29', 'ROLE_USER',
    '물리학과', '0');

INSERT INTO USER_INFO (USER_ID, USER_PW, USER_NAME, USER_GENDER, USER_EMAIL, USER_PHONENUM, USER_ADDR,
    USER_BIRTHDATE, JOINDATE, AUTHORITY, MAJOR_ID, ENABLE)
    VALUES ('20251063', '$2a$10$X97idlYV4ytQjUbKfB.n9Obv3mMnLSuOTaUwcwLAb/LVEAw3kK6fu', '김영희', 'F', 'user63@test.com', '010-5041-3865', '인천광역시 강남구 개포가 (정숙김이리)', '1998-08-25', '2022-07-30', 'ROLE_PROF',
    '정보통신공학과', '1');

INSERT INTO USER_INFO (USER_ID, USER_PW, USER_NAME, USER_GENDER, USER_EMAIL, USER_PHONENUM, USER_ADDR,
    USER_BIRTHDATE, JOINDATE, AUTHORITY, MAJOR_ID, ENABLE)
    VALUES ('20251064', '$2a$10$X97idlYV4ytQjUbKfB.n9Obv3mMnLSuOTaUwcwLAb/LVEAw3kK6fu', '김상호', 'F', 'user64@test.com', '010-9659-3275', '서울특별시 송파구 양재천가 (민수이리)', '1994-09-28', '2022-08-28', 'ROLE_USER',
    '기계공학과', '0');

INSERT INTO USER_INFO (USER_ID, USER_PW, USER_NAME, USER_GENDER, USER_EMAIL, USER_PHONENUM, USER_ADDR,
    USER_BIRTHDATE, JOINDATE, AUTHORITY, MAJOR_ID, ENABLE)
    VALUES ('20251065', '$2a$10$X97idlYV4ytQjUbKfB.n9Obv3mMnLSuOTaUwcwLAb/LVEAw3kK6fu', '송지훈', 'M', 'user65@test.com', '010-3760-6248', '광주광역시 양천구 잠실로 (민석오장읍)', '1998-11-29', '2023-02-16', 'ROLE_USER',
    '건축학과', '1');

INSERT INTO USER_INFO (USER_ID, USER_PW, USER_NAME, USER_GENDER, USER_EMAIL, USER_PHONENUM, USER_ADDR,
    USER_BIRTHDATE, JOINDATE, AUTHORITY, MAJOR_ID, ENABLE)
    VALUES ('20251066', '$2a$10$X97idlYV4ytQjUbKfB.n9Obv3mMnLSuOTaUwcwLAb/LVEAw3kK6fu', '백영길', 'M', 'user66@test.com', '010-8698-5934', '서울특별시 금천구 영동대9로 (숙자김박동)', '1996-03-25', '2023-01-13', 'ROLE_PROF',
    '토목공학과', '0');

INSERT INTO USER_INFO (USER_ID, USER_PW, USER_NAME, USER_GENDER, USER_EMAIL, USER_PHONENUM, USER_ADDR,
    USER_BIRTHDATE, JOINDATE, AUTHORITY, MAJOR_ID, ENABLE)
    VALUES ('20251067', '$2a$10$X97idlYV4ytQjUbKfB.n9Obv3mMnLSuOTaUwcwLAb/LVEAw3kK6fu', '김현우', 'M', 'user67@test.com', '010-3685-5898', '광주광역시 양천구 압구정98로', '1995-09-29', '2025-03-10', 'ROLE_USER',
    '토목공학과', '1');

INSERT INTO USER_INFO (USER_ID, USER_PW, USER_NAME, USER_GENDER, USER_EMAIL, USER_PHONENUM, USER_ADDR,
    USER_BIRTHDATE, JOINDATE, AUTHORITY, MAJOR_ID, ENABLE)
    VALUES ('20251068', '$2a$10$X97idlYV4ytQjUbKfB.n9Obv3mMnLSuOTaUwcwLAb/LVEAw3kK6fu', '이성현', 'M', 'user68@test.com', '010-7208-2535', '부산광역시 서초구 논현길', '1997-06-19', '2023-06-15', 'ROLE_USER',
    '지구과학과', '1');

INSERT INTO USER_INFO (USER_ID, USER_PW, USER_NAME, USER_GENDER, USER_EMAIL, USER_PHONENUM, USER_ADDR,
    USER_BIRTHDATE, JOINDATE, AUTHORITY, MAJOR_ID, ENABLE)
    VALUES ('20251069', '$2a$10$X97idlYV4ytQjUbKfB.n9Obv3mMnLSuOTaUwcwLAb/LVEAw3kK6fu', '최종수', 'M', 'user69@test.com', '010-5763-3248', '전라북도 용인시 논현거리 (순옥서읍)', '2005-11-16', '2023-05-06', 'ROLE_USER',
    '조선해양공학과', '1');

INSERT INTO USER_INFO (USER_ID, USER_PW, USER_NAME, USER_GENDER, USER_EMAIL, USER_PHONENUM, USER_ADDR,
    USER_BIRTHDATE, JOINDATE, AUTHORITY, MAJOR_ID, ENABLE)
    VALUES ('20251070', '$2a$10$X97idlYV4ytQjUbKfB.n9Obv3mMnLSuOTaUwcwLAb/LVEAw3kK6fu', '김지민', 'M', 'user70@test.com', '010-4120-8578', '경기도 용인시 수지구 개포27거리', '1994-12-24', '2024-09-29', 'ROLE_USER',
    '토목공학과', '1');

INSERT INTO USER_INFO (USER_ID, USER_PW, USER_NAME, USER_GENDER, USER_EMAIL, USER_PHONENUM, USER_ADDR,
    USER_BIRTHDATE, JOINDATE, AUTHORITY, MAJOR_ID, ENABLE)
    VALUES ('20251071', '$2a$10$X97idlYV4ytQjUbKfB.n9Obv3mMnLSuOTaUwcwLAb/LVEAw3kK6fu', '권경희', 'M', 'user71@test.com', '010-1326-5512', '경상북도 용인시 기흥구 오금8로', '2002-03-18', '2025-03-03', 'ROLE_USER',
    '정보통신공학과', '1');

INSERT INTO USER_INFO (USER_ID, USER_PW, USER_NAME, USER_GENDER, USER_EMAIL, USER_PHONENUM, USER_ADDR,
    USER_BIRTHDATE, JOINDATE, AUTHORITY, MAJOR_ID, ENABLE)
    VALUES ('20251072', '$2a$10$X97idlYV4ytQjUbKfB.n9Obv3mMnLSuOTaUwcwLAb/LVEAw3kK6fu', '최영희', 'F', 'user72@test.com', '010-6771-1352', '경기도 수원시 장안구 백제고분809거리', '2007-02-04', '2023-11-18', 'ROLE_USER',
    '산업공학과', '1');

INSERT INTO USER_INFO (USER_ID, USER_PW, USER_NAME, USER_GENDER, USER_EMAIL, USER_PHONENUM, USER_ADDR,
    USER_BIRTHDATE, JOINDATE, AUTHORITY, MAJOR_ID, ENABLE)
    VALUES ('20251073', '$2a$10$X97idlYV4ytQjUbKfB.n9Obv3mMnLSuOTaUwcwLAb/LVEAw3kK6fu', '신지후', 'F', 'user73@test.com', '010-7503-5802', '제주특별자치도 청주시 청원구 삼성로', '1997-01-21', '2023-09-01', 'ROLE_PROF',
    '조선해양공학과', '1');

INSERT INTO USER_INFO (USER_ID, USER_PW, USER_NAME, USER_GENDER, USER_EMAIL, USER_PHONENUM, USER_ADDR,
    USER_BIRTHDATE, JOINDATE, AUTHORITY, MAJOR_ID, ENABLE)
    VALUES ('20251074', '$2a$10$X97idlYV4ytQjUbKfB.n9Obv3mMnLSuOTaUwcwLAb/LVEAw3kK6fu', '곽하윤', 'M', 'user74@test.com', '010-9356-3021', '대전광역시 성북구 봉은사17길 (민재김읍)', '1998-06-15', '2025-03-09', 'ROLE_USER',
    '항공우주공학과', '1');

INSERT INTO USER_INFO (USER_ID, USER_PW, USER_NAME, USER_GENDER, USER_EMAIL, USER_PHONENUM, USER_ADDR,
    USER_BIRTHDATE, JOINDATE, AUTHORITY, MAJOR_ID, ENABLE)
    VALUES ('20251075', '$2a$10$X97idlYV4ytQjUbKfB.n9Obv3mMnLSuOTaUwcwLAb/LVEAw3kK6fu', '김정순', 'M', 'user75@test.com', '010-7641-9879', '서울특별시 강남구 도산대거리', '2004-03-16', '2024-05-04', 'ROLE_USER',
    '생명과학과', '0');

INSERT INTO USER_INFO (USER_ID, USER_PW, USER_NAME, USER_GENDER, USER_EMAIL, USER_PHONENUM, USER_ADDR,
    USER_BIRTHDATE, JOINDATE, AUTHORITY, MAJOR_ID, ENABLE)
    VALUES ('20251076', '$2a$10$X97idlYV4ytQjUbKfB.n9Obv3mMnLSuOTaUwcwLAb/LVEAw3kK6fu', '류정수', 'F', 'user76@test.com', '010-3207-9638', '경상남도 홍성군 서초중앙거리 (정웅권동)', '2003-04-07', '2024-10-04', 'ROLE_USER',
    '항공우주공학과', '0');

INSERT INTO USER_INFO (USER_ID, USER_PW, USER_NAME, USER_GENDER, USER_EMAIL, USER_PHONENUM, USER_ADDR,
    USER_BIRTHDATE, JOINDATE, AUTHORITY, MAJOR_ID, ENABLE)
    VALUES ('20251077', '$2a$10$X97idlYV4ytQjUbKfB.n9Obv3mMnLSuOTaUwcwLAb/LVEAw3kK6fu', '김순자', 'F', 'user77@test.com', '010-1569-6316', '경기도 가평군 가락751거리', '1998-01-17', '2024-01-23', 'ROLE_USER',
    '에너지자원공학과', '1');

INSERT INTO USER_INFO (USER_ID, USER_PW, USER_NAME, USER_GENDER, USER_EMAIL, USER_PHONENUM, USER_ADDR,
    USER_BIRTHDATE, JOINDATE, AUTHORITY, MAJOR_ID, ENABLE)
    VALUES ('20251078', '$2a$10$X97idlYV4ytQjUbKfB.n9Obv3mMnLSuOTaUwcwLAb/LVEAw3kK6fu', '김성훈', 'F', 'user78@test.com', '010-9221-6390', '제주특별자치도 파주시 반포대76거리', '2006-11-23', '2023-07-15', 'ROLE_USER',
    '재료공학과', '1');

INSERT INTO USER_INFO (USER_ID, USER_PW, USER_NAME, USER_GENDER, USER_EMAIL, USER_PHONENUM, USER_ADDR,
    USER_BIRTHDATE, JOINDATE, AUTHORITY, MAJOR_ID, ENABLE)
    VALUES ('20251079', '$2a$10$X97idlYV4ytQjUbKfB.n9Obv3mMnLSuOTaUwcwLAb/LVEAw3kK6fu', '정은주', 'M', 'user79@test.com', '010-8751-3719', '강원도 인제군 반포대로', '2001-10-12', '2024-03-11', 'ROLE_USER',
    '신소재공학과', '0');

INSERT INTO USER_INFO (USER_ID, USER_PW, USER_NAME, USER_GENDER, USER_EMAIL, USER_PHONENUM, USER_ADDR,
    USER_BIRTHDATE, JOINDATE, AUTHORITY, MAJOR_ID, ENABLE)
    VALUES ('20251080', '$2a$10$X97idlYV4ytQjUbKfB.n9Obv3mMnLSuOTaUwcwLAb/LVEAw3kK6fu', '송미숙', 'M', 'user80@test.com', '010-9870-3576', '대전광역시 양천구 오금길', '2001-11-21', '2024-04-12', 'ROLE_USER',
    '전자공학과', '1');

INSERT INTO USER_INFO (USER_ID, USER_PW, USER_NAME, USER_GENDER, USER_EMAIL, USER_PHONENUM, USER_ADDR,
    USER_BIRTHDATE, JOINDATE, AUTHORITY, MAJOR_ID, ENABLE)
    VALUES ('20251081', '$2a$10$X97idlYV4ytQjUbKfB.n9Obv3mMnLSuOTaUwcwLAb/LVEAw3kK6fu', '강은주', 'M', 'user81@test.com', '010-6095-2155', '부산광역시 은평구 영동대50거리 (은경한장마을)', '2004-09-06', '2024-11-01', 'ROLE_USER',
    '환경공학과', '0');

INSERT INTO USER_INFO (USER_ID, USER_PW, USER_NAME, USER_GENDER, USER_EMAIL, USER_PHONENUM, USER_ADDR,
    USER_BIRTHDATE, JOINDATE, AUTHORITY, MAJOR_ID, ENABLE)
    VALUES ('20251082', '$2a$10$X97idlYV4ytQjUbKfB.n9Obv3mMnLSuOTaUwcwLAb/LVEAw3kK6fu', '우영환', 'M', 'user82@test.com', '010-7178-5238', '대전광역시 금천구 역삼1가 (재호이마을)', '2003-04-18', '2025-03-08', 'ROLE_USER',
    '수학과', '1');

INSERT INTO USER_INFO (USER_ID, USER_PW, USER_NAME, USER_GENDER, USER_EMAIL, USER_PHONENUM, USER_ADDR,
    USER_BIRTHDATE, JOINDATE, AUTHORITY, MAJOR_ID, ENABLE)
    VALUES ('20251083', '$2a$10$X97idlYV4ytQjUbKfB.n9Obv3mMnLSuOTaUwcwLAb/LVEAw3kK6fu', '노상훈', 'M', 'user83@test.com', '010-6000-2890', '부산광역시 동작구 백제고분482로 (우진김김동)', '2000-02-06', '2022-07-12', 'ROLE_USER',
    '생명과학과', '0');

INSERT INTO USER_INFO (USER_ID, USER_PW, USER_NAME, USER_GENDER, USER_EMAIL, USER_PHONENUM, USER_ADDR,
    USER_BIRTHDATE, JOINDATE, AUTHORITY, MAJOR_ID, ENABLE)
    VALUES ('20251084', '$2a$10$X97idlYV4ytQjUbKfB.n9Obv3mMnLSuOTaUwcwLAb/LVEAw3kK6fu', '황경희', 'M', 'user84@test.com', '010-1230-5651', '경상남도 성남시 분당구 압구정537로', '2006-05-22', '2022-07-08', 'ROLE_USER',
    '환경공학과', '1');

INSERT INTO USER_INFO (USER_ID, USER_PW, USER_NAME, USER_GENDER, USER_EMAIL, USER_PHONENUM, USER_ADDR,
    USER_BIRTHDATE, JOINDATE, AUTHORITY, MAJOR_ID, ENABLE)
    VALUES ('20251085', '$2a$10$X97idlYV4ytQjUbKfB.n9Obv3mMnLSuOTaUwcwLAb/LVEAw3kK6fu', '김정식', 'F', 'user85@test.com', '010-4632-9604', '광주광역시 서대문구 봉은사길', '2000-05-14', '2023-01-11', 'ROLE_USER',
    '에너지자원공학과', '0');

INSERT INTO USER_INFO (USER_ID, USER_PW, USER_NAME, USER_GENDER, USER_EMAIL, USER_PHONENUM, USER_ADDR,
    USER_BIRTHDATE, JOINDATE, AUTHORITY, MAJOR_ID, ENABLE)
    VALUES ('20251086', '$2a$10$X97idlYV4ytQjUbKfB.n9Obv3mMnLSuOTaUwcwLAb/LVEAw3kK6fu', '안지훈', 'M', 'user86@test.com', '010-5296-9454', '대구광역시 중랑구 반포대가', '1996-12-05', '2024-11-17', 'ROLE_USER',
    '조선해양공학과', '0');

INSERT INTO USER_INFO (USER_ID, USER_PW, USER_NAME, USER_GENDER, USER_EMAIL, USER_PHONENUM, USER_ADDR,
    USER_BIRTHDATE, JOINDATE, AUTHORITY, MAJOR_ID, ENABLE)
    VALUES ('20251087', '$2a$10$X97idlYV4ytQjUbKfB.n9Obv3mMnLSuOTaUwcwLAb/LVEAw3kK6fu', '김정훈', 'F', 'user87@test.com', '010-2108-8687', '부산광역시 용산구 석촌호수350길 (서준정동)', '1996-08-15', '2023-08-08', 'ROLE_USER',
    '기계공학과', '0');

INSERT INTO USER_INFO (USER_ID, USER_PW, USER_NAME, USER_GENDER, USER_EMAIL, USER_PHONENUM, USER_ADDR,
    USER_BIRTHDATE, JOINDATE, AUTHORITY, MAJOR_ID, ENABLE)
    VALUES ('20251088', '$2a$10$X97idlYV4ytQjUbKfB.n9Obv3mMnLSuOTaUwcwLAb/LVEAw3kK6fu', '박윤서', 'M', 'user88@test.com', '010-2654-8402', '서울특별시 중랑구 양재천23로', '2004-12-16', '2023-11-24', 'ROLE_PROF',
    '물리학과', '0');

INSERT INTO USER_INFO (USER_ID, USER_PW, USER_NAME, USER_GENDER, USER_EMAIL, USER_PHONENUM, USER_ADDR,
    USER_BIRTHDATE, JOINDATE, AUTHORITY, MAJOR_ID, ENABLE)
    VALUES ('20251089', '$2a$10$X97idlYV4ytQjUbKfB.n9Obv3mMnLSuOTaUwcwLAb/LVEAw3kK6fu', '김영희', 'F', 'user89@test.com', '010-3703-2887', '전라북도 고양시 일산동구 서초중앙4길', '2001-10-29', '2023-07-13', 'ROLE_USER',
    '에너지자원공학과', '0');

INSERT INTO USER_INFO (USER_ID, USER_PW, USER_NAME, USER_GENDER, USER_EMAIL, USER_PHONENUM, USER_ADDR,
    USER_BIRTHDATE, JOINDATE, AUTHORITY, MAJOR_ID, ENABLE)
    VALUES ('20251090', '$2a$10$X97idlYV4ytQjUbKfB.n9Obv3mMnLSuOTaUwcwLAb/LVEAw3kK6fu', '배옥순', 'F', 'user90@test.com', '010-3986-8409', '제주특별자치도 광주시 학동거리', '2004-10-28', '2023-02-15', 'ROLE_USER',
    '토목공학과', '1');

INSERT INTO USER_INFO (USER_ID, USER_PW, USER_NAME, USER_GENDER, USER_EMAIL, USER_PHONENUM, USER_ADDR,
    USER_BIRTHDATE, JOINDATE, AUTHORITY, MAJOR_ID, ENABLE)
    VALUES ('20251091', '$2a$10$X97idlYV4ytQjUbKfB.n9Obv3mMnLSuOTaUwcwLAb/LVEAw3kK6fu', '이재현', 'F', 'user91@test.com', '010-2386-5754', '부산광역시 도봉구 테헤란675가', '1996-01-16', '2023-12-20', 'ROLE_USER',
    '수학과', '1');

INSERT INTO USER_INFO (USER_ID, USER_PW, USER_NAME, USER_GENDER, USER_EMAIL, USER_PHONENUM, USER_ADDR,
    USER_BIRTHDATE, JOINDATE, AUTHORITY, MAJOR_ID, ENABLE)
    VALUES ('20251092', '$2a$10$X97idlYV4ytQjUbKfB.n9Obv3mMnLSuOTaUwcwLAb/LVEAw3kK6fu', '홍영일', 'F', 'user92@test.com', '010-2545-3701', '부산광역시 관악구 논현가', '1998-10-20', '2024-08-16', 'ROLE_ADMIN',
    '생명과학과', '1');

INSERT INTO USER_INFO (USER_ID, USER_PW, USER_NAME, USER_GENDER, USER_EMAIL, USER_PHONENUM, USER_ADDR,
    USER_BIRTHDATE, JOINDATE, AUTHORITY, MAJOR_ID, ENABLE)
    VALUES ('20251093', '$2a$10$X97idlYV4ytQjUbKfB.n9Obv3mMnLSuOTaUwcwLAb/LVEAw3kK6fu', '이은지', 'M', 'user93@test.com', '010-9563-8610', '충청남도 동두천시 양재천로 (상철이읍)', '2001-10-23', '2024-05-21', 'ROLE_PROF',
    '산업공학과', '1');

INSERT INTO USER_INFO (USER_ID, USER_PW, USER_NAME, USER_GENDER, USER_EMAIL, USER_PHONENUM, USER_ADDR,
    USER_BIRTHDATE, JOINDATE, AUTHORITY, MAJOR_ID, ENABLE)
    VALUES ('20251094', '$2a$10$X97idlYV4ytQjUbKfB.n9Obv3mMnLSuOTaUwcwLAb/LVEAw3kK6fu', '김성수', 'M', 'user94@test.com', '010-2153-5899', '세종특별자치시 광진구 논현587거리', '2006-07-02', '2024-08-10', 'ROLE_USER',
    '산업공학과', '0');

INSERT INTO USER_INFO (USER_ID, USER_PW, USER_NAME, USER_GENDER, USER_EMAIL, USER_PHONENUM, USER_ADDR,
    USER_BIRTHDATE, JOINDATE, AUTHORITY, MAJOR_ID, ENABLE)
    VALUES ('20251095', '$2a$10$X97idlYV4ytQjUbKfB.n9Obv3mMnLSuOTaUwcwLAb/LVEAw3kK6fu', '임현정', 'M', 'user95@test.com', '010-6475-3244', '강원도 부천시 원미구 도산대길', '2006-05-10', '2025-04-07', 'ROLE_ADMIN',
    '전자공학과', '1');

INSERT INTO USER_INFO (USER_ID, USER_PW, USER_NAME, USER_GENDER, USER_EMAIL, USER_PHONENUM, USER_ADDR,
    USER_BIRTHDATE, JOINDATE, AUTHORITY, MAJOR_ID, ENABLE)
    VALUES ('20251096', '$2a$10$X97idlYV4ytQjUbKfB.n9Obv3mMnLSuOTaUwcwLAb/LVEAw3kK6fu', '황영자', 'M', 'user96@test.com', '010-8955-3244', '충청남도 인제군 언주로', '1995-09-01', '2023-06-04', 'ROLE_USER',
    '수학과', '1');

INSERT INTO USER_INFO (USER_ID, USER_PW, USER_NAME, USER_GENDER, USER_EMAIL, USER_PHONENUM, USER_ADDR,
    USER_BIRTHDATE, JOINDATE, AUTHORITY, MAJOR_ID, ENABLE)
    VALUES ('20251097', '$2a$10$X97idlYV4ytQjUbKfB.n9Obv3mMnLSuOTaUwcwLAb/LVEAw3kK6fu', '배예진', 'M', 'user97@test.com', '010-8801-1998', '서울특별시 강서구 백제고분92길 (정수최최리)', '2001-03-03', '2024-01-14', 'ROLE_PROF',
    '바이오공학과', '0');

INSERT INTO USER_INFO (USER_ID, USER_PW, USER_NAME, USER_GENDER, USER_EMAIL, USER_PHONENUM, USER_ADDR,
    USER_BIRTHDATE, JOINDATE, AUTHORITY, MAJOR_ID, ENABLE)
    VALUES ('20251098', '$2a$10$X97idlYV4ytQjUbKfB.n9Obv3mMnLSuOTaUwcwLAb/LVEAw3kK6fu', '백준영', 'M', 'user98@test.com', '010-8952-9138', '충청북도 안양시 만안구 강남대010로', '2001-04-30', '2025-04-16', 'ROLE_USER',
    '지구과학과', '1');

INSERT INTO USER_INFO (USER_ID, USER_PW, USER_NAME, USER_GENDER, USER_EMAIL, USER_PHONENUM, USER_ADDR,
    USER_BIRTHDATE, JOINDATE, AUTHORITY, MAJOR_ID, ENABLE)
    VALUES ('20251099', '$2a$10$X97idlYV4ytQjUbKfB.n9Obv3mMnLSuOTaUwcwLAb/LVEAw3kK6fu', '이현주', 'M', 'user99@test.com', '010-5979-9827', '경상북도 태백시 오금거리 (현숙김읍)', '2004-05-23', '2024-03-07', 'ROLE_USER',
    '조선해양공학과', '1');

INSERT INTO USER_INFO (USER_ID, USER_PW, USER_NAME, USER_GENDER, USER_EMAIL, USER_PHONENUM, USER_ADDR,
    USER_BIRTHDATE, JOINDATE, AUTHORITY, MAJOR_ID, ENABLE)
    VALUES ('20251100', '$2a$10$X97idlYV4ytQjUbKfB.n9Obv3mMnLSuOTaUwcwLAb/LVEAw3kK6fu', '이현숙', 'M', 'user100@test.com', '010-1706-3684', '세종특별자치시 금천구 압구정5가', '2004-07-01', '2024-11-07', 'ROLE_USER',
    '정보통신공학과', '1');
    
SELECT * FROM user_info;

-- enroll 더미데이터
INSERT INTO enroll (USER_ID, LECTURE_CODE, ENROLL_IDX) VALUES ('20251038','CSE101',seq_serial_num.nextval);
INSERT INTO enroll (USER_ID, LECTURE_CODE, ENROLL_IDX) VALUES ('20251038','MAT202',seq_serial_num.nextval);
INSERT INTO enroll (USER_ID, LECTURE_CODE, ENROLL_IDX) VALUES ('20251039','MAT202',seq_serial_num.nextval);
INSERT INTO enroll (USER_ID, LECTURE_CODE, ENROLL_IDX) VALUES ('20251042','ICE310',seq_serial_num.nextval);
INSERT INTO enroll (USER_ID, LECTURE_CODE, ENROLL_IDX) VALUES ('20251048','EEE102',seq_serial_num.nextval);
INSERT INTO enroll (USER_ID, LECTURE_CODE, ENROLL_IDX) VALUES ('20251057','ENV301',seq_serial_num.nextval);
INSERT INTO enroll (USER_ID, LECTURE_CODE, ENROLL_IDX) VALUES ('20251065','MAT105',seq_serial_num.nextval);
INSERT INTO enroll (USER_ID, LECTURE_CODE, ENROLL_IDX) VALUES ('20251067','IEE320',seq_serial_num.nextval);
INSERT INTO enroll (USER_ID, LECTURE_CODE, ENROLL_IDX) VALUES ('20251068','EEE201',seq_serial_num.nextval);
INSERT INTO enroll (USER_ID, LECTURE_CODE, ENROLL_IDX) VALUES ('20251069','CIV201',seq_serial_num.nextval);
INSERT INTO enroll (USER_ID, LECTURE_CODE, ENROLL_IDX) VALUES ('20251074','NAE101',seq_serial_num.nextval);
INSERT INTO enroll (USER_ID, LECTURE_CODE, ENROLL_IDX) VALUES ('20251077','BIO420',seq_serial_num.nextval);
INSERT INTO enroll (USER_ID, LECTURE_CODE, ENROLL_IDX) VALUES ('20251078','CSE204',seq_serial_num.nextval);
INSERT INTO enroll (USER_ID, LECTURE_CODE, ENROLL_IDX) VALUES ('20251080','MSE330',seq_serial_num.nextval);
INSERT INTO enroll (USER_ID, LECTURE_CODE, ENROLL_IDX) VALUES ('20251082','ESC210',seq_serial_num.nextval);
INSERT INTO enroll (USER_ID, LECTURE_CODE, ENROLL_IDX) VALUES ('20251084','EEE202',seq_serial_num.nextval);
INSERT INTO enroll (USER_ID, LECTURE_CODE, ENROLL_IDX) VALUES ('20251090','ERE110',seq_serial_num.nextval);
INSERT INTO enroll (USER_ID, LECTURE_CODE, ENROLL_IDX) VALUES ('20251091','CSE101',seq_serial_num.nextval);
INSERT INTO enroll (USER_ID, LECTURE_CODE, ENROLL_IDX) VALUES ('20251096','LIF110',seq_serial_num.nextval);
INSERT INTO enroll (USER_ID, LECTURE_CODE, ENROLL_IDX) VALUES ('20251098','PHY301',seq_serial_num.nextval);
INSERT INTO enroll (USER_ID, LECTURE_CODE, ENROLL_IDX) VALUES ('20251099','ARC101',seq_serial_num.nextval);
INSERT INTO enroll (USER_ID, LECTURE_CODE, ENROLL_IDX) VALUES ('20251100','MAT105',seq_serial_num.nextval);
INSERT INTO enroll (USER_ID, LECTURE_CODE, ENROLL_IDX) VALUES ('20251070','MEC220',seq_serial_num.nextval);
INSERT INTO enroll (USER_ID, LECTURE_CODE, ENROLL_IDX) VALUES ('20251071','BME101',seq_serial_num.nextval);
INSERT INTO enroll (USER_ID, LECTURE_CODE, ENROLL_IDX) VALUES ('20251072','ICE310',seq_serial_num.nextval);
INSERT INTO enroll (USER_ID, LECTURE_CODE, ENROLL_IDX) VALUES ('20251003','MEC210',seq_serial_num.nextval);
INSERT INTO enroll (USER_ID, LECTURE_CODE, ENROLL_IDX) VALUES ('20251004','IEE250',seq_serial_num.nextval);
INSERT INTO enroll (USER_ID, LECTURE_CODE, ENROLL_IDX) VALUES ('20251005','MAT202',seq_serial_num.nextval);
INSERT INTO enroll (USER_ID, LECTURE_CODE, ENROLL_IDX) VALUES ('20251006','ENV120',seq_serial_num.nextval);
INSERT INTO enroll (USER_ID, LECTURE_CODE, ENROLL_IDX) VALUES ('20251007','CSE303',seq_serial_num.nextval);
INSERT INTO enroll (USER_ID, LECTURE_CODE, ENROLL_IDX) VALUES ('20251008','MSE410',seq_serial_num.nextval);
INSERT INTO enroll (USER_ID, LECTURE_CODE, ENROLL_IDX) VALUES ('20251009','CSE204',seq_serial_num.nextval);
INSERT INTO enroll (USER_ID, LECTURE_CODE, ENROLL_IDX) VALUES ('20251011','BIO420',seq_serial_num.nextval);
INSERT INTO enroll (USER_ID, LECTURE_CODE, ENROLL_IDX) VALUES ('20251014','BME101',seq_serial_num.nextval);
INSERT INTO enroll (USER_ID, LECTURE_CODE, ENROLL_IDX) VALUES ('20251015','CIV201',seq_serial_num.nextval);
INSERT INTO enroll (USER_ID, LECTURE_CODE, ENROLL_IDX) VALUES ('20251017','IEE250',seq_serial_num.nextval);
INSERT INTO enroll (USER_ID, LECTURE_CODE, ENROLL_IDX) VALUES ('20251019','ESC210',seq_serial_num.nextval);
INSERT INTO enroll (USER_ID, LECTURE_CODE, ENROLL_IDX) VALUES ('20251021','ARC101',seq_serial_num.nextval);
INSERT INTO enroll (USER_ID, LECTURE_CODE, ENROLL_IDX) VALUES ('20251025','ENV301',seq_serial_num.nextval);
INSERT INTO enroll (USER_ID, LECTURE_CODE, ENROLL_IDX) VALUES ('20251026','LIF110',seq_serial_num.nextval);
INSERT INTO enroll (USER_ID, LECTURE_CODE, ENROLL_IDX) VALUES ('20251028','MEC220',seq_serial_num.nextval);
INSERT INTO enroll (USER_ID, LECTURE_CODE, ENROLL_IDX) VALUES ('20251031','EEE201',seq_serial_num.nextval);
INSERT INTO enroll (USER_ID, LECTURE_CODE, ENROLL_IDX) VALUES ('20251032','IEE320',seq_serial_num.nextval);
INSERT INTO enroll (USER_ID, LECTURE_CODE, ENROLL_IDX) VALUES ('20251033','PHY301',seq_serial_num.nextval);
INSERT INTO enroll (USER_ID, LECTURE_CODE, ENROLL_IDX) VALUES ('20251038','ENV120',seq_serial_num.nextval);
INSERT INTO enroll (USER_ID, LECTURE_CODE, ENROLL_IDX) VALUES ('20251039','NAE101',seq_serial_num.nextval);
INSERT INTO enroll (USER_ID, LECTURE_CODE, ENROLL_IDX) VALUES ('20251042','ICE201',seq_serial_num.nextval);
INSERT INTO enroll (USER_ID, LECTURE_CODE, ENROLL_IDX) VALUES ('20251048','EEE102',seq_serial_num.nextval);
INSERT INTO enroll (USER_ID, LECTURE_CODE, ENROLL_IDX) VALUES ('20251065','MAT202',seq_serial_num.nextval);

SELECT * FROM enroll;

INSERT INTO boards (
    BOARD_IDX, LECTURE_CODE, USER_ID, BOARD_TITLE, BOARD_CONTENT, 
    BOARD_POSTDATE, OFILE, SFILE, DOWNCOUNT, 
    VISITCOUNT, CATEGORY, BGROUP, BSTEP, BINDENT, BOARD_LIKE
) VALUES (
    seq_serial_num.nextval, 'CSE101', '20251037', '파이썬 기초', '이 강의는 파이썬의 기초 문법을 다룹니다.', 
    SYSDATE, NULL, NULL, 0, 0, 'L', seq_serial_num.currval, 0, 0, 0
);

INSERT INTO boards (
    BOARD_IDX, LECTURE_CODE, USER_ID, BOARD_TITLE, BOARD_CONTENT, 
    BOARD_POSTDATE, OFILE, SFILE, DOWNCOUNT, 
    VISITCOUNT, CATEGORY, BGROUP, BSTEP, BINDENT, BOARD_LIKE
) VALUES (
    seq_serial_num.nextval, 'CSE101', '20251037', '자바 중급', '자바 객체지향 프로그래밍과 예외 처리 강의입니다.', 
    SYSDATE + 1, NULL, NULL, 0, 0, 'L', seq_serial_num.currval, 0, 0, 0
);

INSERT INTO boards (
    BOARD_IDX, LECTURE_CODE, USER_ID, BOARD_TITLE, BOARD_CONTENT, 
    BOARD_POSTDATE, OFILE, SFILE, DOWNCOUNT, 
    VISITCOUNT, CATEGORY, BGROUP, BSTEP, BINDENT, BOARD_LIKE
) VALUES (
    seq_serial_num.nextval, 'CSE101', '20251037', '웹 개발 입문', 'HTML, CSS, JavaScript 기초를 배웁니다.', 
    SYSDATE + 2, NULL, NULL, 0, 0, 'L', seq_serial_num.currval, 0, 0, 0
);

INSERT INTO boards (
    BOARD_IDX, LECTURE_CODE, USER_ID, BOARD_TITLE, BOARD_CONTENT, 
    BOARD_POSTDATE, OFILE, SFILE, DOWNCOUNT, 
    VISITCOUNT, CATEGORY, BGROUP, BSTEP, BINDENT, BOARD_LIKE
) VALUES (
    seq_serial_num.nextval, 'CSE101', '20251037', 'SQL 기본', '데이터베이스와 SQL 기초 문법을 익힙니다.', 
    SYSDATE + 3, NULL, NULL, 0, 0, 'L', seq_serial_num.currval, 0, 0, 0
);

INSERT INTO boards (
    BOARD_IDX, LECTURE_CODE, USER_ID, BOARD_TITLE, BOARD_CONTENT, 
    BOARD_POSTDATE, OFILE, SFILE, DOWNCOUNT, 
    VISITCOUNT, CATEGORY, BGROUP, BSTEP, BINDENT, BOARD_LIKE
) VALUES (
    seq_serial_num.nextval, 'CSE101', '20251037', '리눅스 쉘 스크립트', '리눅스 환경에서 셸 스크립트를 작성하는 방법을 배웁니다.', 
    SYSDATE + 4, NULL, NULL, 0, 0, 'L', seq_serial_num.currval, 0, 0, 0
);

INSERT INTO boards (
    BOARD_IDX, LECTURE_CODE, USER_ID, BOARD_TITLE, BOARD_CONTENT, 
    BOARD_POSTDATE, OFILE, SFILE, DOWNCOUNT, 
    VISITCOUNT, CATEGORY, BGROUP, BSTEP, BINDENT, BOARD_LIKE
) VALUES (
    seq_serial_num.nextval, 'CSE101', '20251037', '자료구조', '스택, 큐, 트리 등 자료구조의 개념과 구현 방법을 다룹니다.', 
    SYSDATE + 5, NULL, NULL, 0, 0, 'L', seq_serial_num.currval, 0, 0, 0
);

INSERT INTO boards (
    BOARD_IDX, LECTURE_CODE, USER_ID, BOARD_TITLE, BOARD_CONTENT, 
    BOARD_POSTDATE, OFILE, SFILE, DOWNCOUNT, 
    VISITCOUNT, CATEGORY, BGROUP, BSTEP, BINDENT, BOARD_LIKE
) VALUES (
    seq_serial_num.nextval, 'CSE101', '20251037', '네트워크 기초', '컴퓨터 네트워크의 기본 개념과 프로토콜을 학습합니다.', 
    SYSDATE + 6, NULL, NULL, 0, 0, 'L', seq_serial_num.currval, 0, 0, 0
);

INSERT INTO boards (
    BOARD_IDX, LECTURE_CODE, USER_ID, BOARD_TITLE, BOARD_CONTENT, 
    BOARD_POSTDATE, OFILE, SFILE, DOWNCOUNT, 
    VISITCOUNT, CATEGORY, BGROUP, BSTEP, BINDENT, BOARD_LIKE
) VALUES (
    seq_serial_num.nextval, 'CSE101','20251037', '알고리즘 입문', '기본적인 정렬, 탐색 알고리즘을 배우고 실습합니다.', 
    SYSDATE + 7, NULL, NULL, 0, 0, 'L', seq_serial_num.currval, 0, 0, 0
);

INSERT INTO boards (
    BOARD_IDX, LECTURE_CODE, USER_ID, BOARD_TITLE, BOARD_CONTENT, 
    BOARD_POSTDATE, OFILE, SFILE, DOWNCOUNT, 
    VISITCOUNT, CATEGORY, BGROUP, BSTEP, BINDENT, BOARD_LIKE
) VALUES (
    seq_serial_num.nextval, 'CSE101', '20251037', 'C언어 기초', '프로그래밍 언어 C의 기본 문법과 활용을 배웁니다.', 
    SYSDATE + 8, NULL, NULL, 0, 0, 'L', seq_serial_num.currval, 0, 0, 0
);

INSERT INTO boards (
    BOARD_IDX, LECTURE_CODE, USER_ID, BOARD_TITLE, BOARD_CONTENT, 
    BOARD_POSTDATE, OFILE, SFILE, DOWNCOUNT, 
    VISITCOUNT, CATEGORY, BGROUP, BSTEP, BINDENT, BOARD_LIKE
) VALUES (
    seq_serial_num.nextval, 'CSE101', '20251037', '데이터 분석 입문', 'Python과 Pandas를 활용한 데이터 분석 기초 강의입니다.', 
    SYSDATE + 9, NULL, NULL, 0, 0, 'L', seq_serial_num.currval, 0, 0, 0
);

SELECT * FROM lecture;
SELECT * FROM boards;

commit;